pos	ref	alt	gts
14413047	T	C	020000001020
14418641	T	G	000010100000
14419089	T	C	101010010111
14425383	A	C	201010121011
14426833	C	T	010000001100
14427783	A	G	100110001120
14428940	T	A	010201000010
14432393	G	T	112111200112
14432933	C	G	101220000000
14435510	T	A	121000001011
14436170	G	A	010001000100
14437950	T	G	021100001121
14439013	C	A	121111102010
14448923	T	C	100001100000
14451552	T	C	000000000001
14453945	T	A	020001100110
14468059	T	A	021011000002
14472108	T	A	101110211021
14472824	A	G	010100010000
14473489	C	G	000100001110
14475848	A	G	110211121000
14486966	G	C	000001000000
14487008	A	T	001001111111
14487850	C	A	110001101122
